City_ID,City,Country,Date,Lat,Lng,Max Temp,Humidity,Cloudiness,Wind Speed
0,Atuona,PF,2022-04-18 04:15:16,-9.8,-139.0333,79.45,80,14,17.9
1,Dingle,PH,2022-04-18 04:18:38,10.9995,122.6711,86.65,62,46,13.47
2,Cape Town,ZA,2022-04-18 04:14:33,-33.9258,18.4232,59.92,83,92,11.99
3,Rikitea,PF,2022-04-18 04:18:38,-23.1203,-134.9692,78.46,63,3,8.7
4,Yarkovo,RU,2022-04-18 04:18:39,57.4028,67.0786,39.33,61,62,2.8
5,Tasiilaq,GL,2022-04-18 04:18:39,65.6145,-37.6368,31.64,95,100,8.03
6,Mataura,NZ,2022-04-18 04:18:39,-46.1927,168.8643,62.47,54,42,2.19
7,Butaritari,KI,2022-04-18 04:18:40,3.0707,172.7902,81.75,72,23,11.81
8,Umm Lajj,SA,2022-04-18 04:18:40,25.0213,37.2685,85.3,20,56,8.05
9,Mirnyy,RU,2022-04-18 04:18:40,62.5353,113.9611,35.24,59,94,18.01
10,Albany,US,2022-04-18 04:15:34,42.6001,-73.9662,37.63,62,4,5.77
11,Fortuna,US,2022-04-18 04:16:40,40.5982,-124.1573,47.66,79,0,0.0
12,Iaciara,BR,2022-04-18 04:18:41,-14.0958,-46.6317,72.86,76,98,4.88
13,Kedrovyy,RU,2022-04-18 04:18:41,56.1667,91.8167,48.61,81,100,9.1
14,Kasongo-Lunda,CD,2022-04-18 04:18:41,-6.4667,16.8167,69.46,99,96,1.72
15,Tabuk,PH,2022-04-18 04:18:42,17.4189,121.4443,87.24,55,80,3.38
16,Santa Rosa,PH,2022-04-18 04:14:04,14.3122,121.1114,90.1,60,68,14.18
17,Ushuaia,AR,2022-04-18 04:18:42,-54.8,-68.3,44.26,81,20,14.97
18,Chokurdakh,RU,2022-04-18 04:18:42,70.6333,147.9167,15.51,88,47,4.85
19,Pevek,RU,2022-04-18 04:18:43,69.7008,170.3133,13.15,85,42,3.58
20,Troitskoye,RU,2022-04-18 04:18:43,52.9821,84.6757,58.15,60,93,2.04
21,Lorengau,PG,2022-04-18 04:18:43,-2.0226,147.2712,84.31,75,66,6.62
22,Dikson,RU,2022-04-18 04:18:44,73.5069,80.5464,6.17,92,100,3.33
23,Jamestown,US,2022-04-18 04:18:07,42.097,-79.2353,33.03,58,0,5.75
24,Matay,EG,2022-04-18 04:18:44,28.419,30.7792,74.57,25,100,12.1
25,Ulaangom,MN,2022-04-18 04:18:44,49.9811,92.0667,55.45,20,98,1.68
26,Port Lincoln,AU,2022-04-18 04:18:45,-34.7333,135.8667,62.15,65,99,8.25
27,Qaanaaq,GL,2022-04-18 04:15:16,77.484,-69.3632,-21.33,68,0,7.09
28,Carnarvon,AU,2022-04-18 04:18:45,-24.8667,113.6333,77.07,61,91,11.5
29,Cabo San Lucas,MX,2022-04-18 04:16:33,22.8909,-109.9124,76.51,64,98,5.99
30,Hobart,AU,2022-04-18 04:18:45,-42.8794,147.3294,60.26,68,75,16.11
31,Nikolskoye,RU,2022-04-18 04:18:46,59.7035,30.7861,39.87,73,99,2.93
32,Cherskiy,RU,2022-04-18 04:18:46,68.75,161.3,17.11,87,100,4.76
33,Road Town,VG,2022-04-18 04:18:46,18.4167,-64.6167,78.89,78,100,23.51
34,Karpogory,RU,2022-04-18 04:18:46,64.0019,44.4451,32.72,99,100,3.89
35,Cruzeiro Do Sul,BR,2022-04-18 04:18:47,-29.5128,-51.9853,62.51,91,54,0.36
36,Loum,CM,2022-04-18 04:18:47,4.7182,9.7351,73.49,97,100,1.61
37,Georgetown,MY,2022-04-18 04:18:47,5.4112,100.3354,91.33,69,20,3.44
38,Puerto Ayora,EC,2022-04-18 04:18:48,-0.7393,-90.3518,74.55,94,100,6.42
39,Ust-Barguzin,RU,2022-04-18 04:18:48,53.45,108.9833,45.7,71,81,6.78
40,Port Alfred,ZA,2022-04-18 04:18:48,-33.5906,26.891,60.19,95,73,5.01
41,La Crosse,US,2022-04-18 04:16:00,43.8014,-91.2396,39.76,83,100,13.8
42,Lahaina,US,2022-04-18 04:18:49,20.8783,-156.6825,77.0,87,6,13.65
43,Samarai,PG,2022-04-18 04:18:49,-10.6167,150.6667,81.27,81,100,10.45
44,Salalah,OM,2022-04-18 04:19:49,17.0151,54.0924,82.49,83,40,2.3
45,Mahebourg,MU,2022-04-18 04:19:50,-20.4081,57.7,79.25,100,40,5.75
46,Thompson,CA,2022-04-18 04:19:50,55.7435,-97.8558,17.76,62,40,2.3
47,Hirara,JP,2022-04-18 04:19:50,24.8,125.2833,76.86,64,40,10.36
48,Constitucion,CL,2022-04-18 04:19:50,-35.3333,-72.4167,51.26,91,56,5.95
49,Guia De Isora,ES,2022-04-18 04:19:51,28.2115,-16.7795,72.23,33,0,1.97
50,Sitka,US,2022-04-18 04:19:51,57.0531,-135.33,44.49,53,75,0.0
51,Udachnyy,RU,2022-04-18 04:19:51,66.4167,112.4,25.45,79,100,27.89
52,Fairbanks,US,2022-04-18 04:15:36,64.8378,-147.7164,37.81,38,0,5.75
53,Champerico,GT,2022-04-18 04:19:52,14.3,-91.9167,83.82,69,90,7.29
54,Punta Arenas,CL,2022-04-18 04:19:52,-53.15,-70.9167,41.11,87,75,3.44
55,Henties Bay,NA,2022-04-18 04:19:52,-22.116,14.2845,62.15,75,9,4.97
56,Coahuayana,MX,2022-04-18 04:19:53,18.7333,-103.6833,71.33,86,90,1.7
57,Hithadhoo,MV,2022-04-18 04:19:53,-0.6,73.0833,83.35,74,26,9.71
58,Havre-Saint-Pierre,CA,2022-04-18 04:19:53,50.2334,-63.5986,37.4,80,100,20.71
59,Galesong,ID,2022-04-18 04:19:54,-5.3166,119.3661,89.62,73,73,2.82
60,Oktyabrskiy,RU,2022-04-18 04:19:54,54.4815,53.471,46.06,88,94,5.61
61,Vaini,TO,2022-04-18 04:19:54,-21.2,-175.2,84.36,79,75,5.75
62,Saskylakh,RU,2022-04-18 04:19:54,71.9167,114.0833,30.54,97,100,6.96
63,Bella Vista,US,2022-04-18 04:17:16,36.4295,-94.2316,47.01,83,100,10.36
64,Aklavik,CA,2022-04-18 04:19:55,68.2191,-135.0107,13.35,91,92,8.43
65,New Norfolk,AU,2022-04-18 04:19:55,-42.7826,147.0587,59.92,45,100,1.99
66,Havoysund,NO,2022-04-18 04:19:55,70.9963,24.6622,43.03,95,100,20.74
67,Terrace,CA,2022-04-18 04:19:56,54.5163,-128.6035,46.31,31,20,8.05
68,Hilo,US,2022-04-18 04:18:44,19.7297,-155.09,75.27,88,75,5.75
69,Norman Wells,CA,2022-04-18 04:19:56,65.282,-126.8329,24.84,24,20,3.44
70,Puerto Baquerizo Moreno,EC,2022-04-18 04:19:56,-0.9,-89.6,73.96,93,100,5.97
71,Chincha Alta,PE,2022-04-18 04:19:57,-13.4099,-76.1323,61.39,81,0,1.1
72,Palafrugell,ES,2022-04-18 04:19:57,41.9174,3.1631,53.42,76,71,2.51
73,Broken Hill,AU,2022-04-18 04:19:57,-31.95,141.4333,81.84,23,100,14.12
74,Paamiut,GL,2022-04-18 04:19:58,61.994,-49.6678,25.02,88,95,2.71
75,Busselton,AU,2022-04-18 04:19:58,-33.65,115.3333,65.1,59,95,5.46
76,Sept-Iles,CA,2022-04-18 04:19:58,50.2001,-66.3821,36.12,62,75,19.57
77,Aykino,RU,2022-04-18 04:19:59,62.2248,49.9922,34.14,90,83,7.18
78,Pisco,PE,2022-04-18 04:19:59,-13.7,-76.2167,63.01,82,0,9.22
79,Ketchikan,US,2022-04-18 04:19:59,55.3422,-131.6461,44.58,56,0,5.75
80,Santa Fe,AR,2022-04-18 04:19:59,-31.6333,-60.7,63.0,81,6,4.09
81,Zaysan,KZ,2022-04-18 04:20:00,47.4667,84.8667,64.74,14,22,5.03
82,Atambua,ID,2022-04-18 04:20:00,-9.1061,124.8925,84.11,66,100,2.75
83,Upernavik,GL,2022-04-18 04:20:01,72.7868,-56.1549,-4.14,90,100,11.3
84,Agadir,MA,2022-04-18 04:20:02,30.4202,-9.5982,61.25,42,100,5.93
85,Manjakandriana,MG,2022-04-18 04:20:02,-18.9167,47.8,58.69,89,91,2.93
86,Torbay,CA,2022-04-18 04:20:03,47.6666,-52.7314,47.17,92,75,25.32
87,Hermanus,ZA,2022-04-18 04:20:04,-34.4187,19.2345,60.57,86,92,11.01
88,Lebu,CL,2022-04-18 04:16:06,-37.6167,-73.65,51.82,90,26,6.29
89,Masterton,NZ,2022-04-18 04:20:23,-40.9597,175.6575,60.69,72,100,8.03
90,Comodoro Rivadavia,AR,2022-04-18 04:21:05,-45.8667,-67.5,60.66,44,0,6.91
91,Isangel,VU,2022-04-18 04:21:05,-19.55,169.2667,81.93,75,100,5.39
92,Kodiak,US,2022-04-18 04:19:33,57.79,-152.4072,38.71,75,100,14.97
93,Oyon,PE,2022-04-18 04:21:05,-10.6681,-76.7731,42.49,80,8,5.79
94,Tiksi,RU,2022-04-18 04:21:06,71.6872,128.8694,8.85,93,95,3.89
95,Kapaa,US,2022-04-18 04:21:06,22.0752,-159.319,80.58,77,40,20.71
96,Paros,GR,2022-04-18 04:21:06,37.0833,25.15,58.62,77,79,16.11
97,Kijang,KR,2022-04-18 04:16:59,35.2442,129.2139,74.93,34,100,5.14
98,Quelimane,MZ,2022-04-18 04:21:07,-17.8786,36.8883,76.95,94,40,3.44
99,Yellowknife,CA,2022-04-18 04:18:03,62.456,-114.3525,14.52,57,20,3.44
100,Sola,VU,2022-04-18 04:21:07,-13.8833,167.55,82.74,70,12,9.69
101,Algiers,DZ,2022-04-18 04:16:10,36.7525,3.042,46.22,93,16,2.3
102,Broome,US,2022-04-18 04:21:07,42.2506,-75.833,33.85,65,0,1.99
103,Cidreira,BR,2022-04-18 04:21:08,-30.1811,-50.2056,66.79,75,77,10.98
104,Vestmannaeyjar,IS,2022-04-18 04:21:08,63.4427,-20.2734,41.49,73,55,9.91
105,Kirkuk,IQ,2022-04-18 04:21:08,35.4681,44.3922,66.9,32,10,6.22
106,Verkhniy Rohachyk,UA,2022-04-18 04:21:09,47.2505,34.338,40.98,94,100,14.9
107,East London,ZA,2022-04-18 04:18:19,-33.0153,27.9116,59.94,88,0,8.05
108,Eyl,SO,2022-04-18 04:21:09,7.9803,49.8164,83.25,72,32,9.55
109,Port-Cartier,CA,2022-04-18 04:21:09,50.0334,-66.8654,35.82,70,88,16.35
110,Mukdahan,TH,2022-04-18 04:21:10,16.5833,104.5,87.55,54,84,14.5
111,Borogontsy,RU,2022-04-18 04:21:10,62.6683,131.1683,35.64,70,95,12.17
112,Nalut,LY,2022-04-18 04:21:10,30.3333,10.85,57.45,40,0,7.31
113,Kayes,ML,2022-04-18 04:21:10,14.0,-11.0,93.31,10,100,16.62
114,Langub,PH,2022-04-18 04:21:11,10.7981,123.5372,84.45,68,49,11.52
115,Vila Velha,BR,2022-04-18 04:19:07,-20.3297,-40.2925,73.35,81,20,8.05
116,Yumen,CN,2022-04-18 04:21:11,40.2833,97.2,56.23,17,0,11.7
117,De-Kastri,RU,2022-04-18 04:21:11,51.4667,140.7833,35.47,73,90,3.47
118,Port Augusta,AU,2022-04-18 04:21:12,-32.5,137.7667,69.96,57,100,14.65
119,Tuktoyaktuk,CA,2022-04-18 04:21:12,69.4541,-133.0374,12.2,73,75,6.91
120,Angoche,MZ,2022-04-18 04:21:12,-16.2325,39.9086,78.28,79,25,8.81
121,Provideniya,RU,2022-04-18 04:20:59,64.3833,-173.3,32.36,93,100,20.13
122,Dubbo,AU,2022-04-18 04:21:13,-32.25,148.6167,77.13,41,100,9.22
123,Tchibanga,GA,2022-04-18 04:21:13,-2.85,11.0333,71.58,98,100,0.67
124,Avarua,CK,2022-04-18 04:21:13,-21.2078,-159.775,80.65,69,20,3.44
125,Bilibino,RU,2022-04-18 04:21:14,68.0546,166.4372,25.65,81,99,1.32
126,Yoichi,JP,2022-04-18 04:21:14,43.2039,140.7703,45.52,89,100,2.95
127,Concepcion,CL,2022-04-18 04:21:14,-36.827,-73.0498,48.0,93,40,0.0
128,Iqaluit,CA,2022-04-18 04:20:53,63.7506,-68.5145,-11.47,77,20,6.91
129,Ridgeland,US,2022-04-18 04:16:56,32.4285,-90.1323,64.24,95,75,0.0
130,Bluff,NZ,2022-04-18 04:21:15,-46.6,168.3333,62.8,66,84,2.89
131,Lasa,IT,2022-04-18 04:21:15,46.6166,10.7002,33.37,69,3,3.91
132,Luderitz,NA,2022-04-18 04:21:15,-26.6481,15.1594,69.12,50,0,6.93
133,Kavieng,PG,2022-04-18 04:21:16,-2.5744,150.7967,86.05,63,36,13.06
134,Bethel,US,2022-04-18 04:21:16,41.3712,-73.414,39.94,66,0,0.0
135,Pedernales,DO,2022-04-18 04:21:16,18.0384,-71.744,77.52,70,98,6.85
136,Dambulla,LK,2022-04-18 04:21:17,7.86,80.6517,85.69,62,65,7.63
137,Inhambane,MZ,2022-04-18 04:22:17,-23.865,35.3833,73.38,94,75,0.0
138,Dzerzhinsk,RU,2022-04-18 04:22:17,56.2389,43.4631,33.62,80,0,6.71
139,Olafsvik,IS,2022-04-18 04:22:18,64.8945,-23.7142,41.94,72,99,10.65
140,Verkhnechusovskiye Gorodki,RU,2022-04-18 04:22:18,58.1671,57.1086,34.86,69,82,7.2
141,Saint George,US,2022-04-18 04:22:18,37.1041,-113.5841,72.19,16,0,5.75
142,Rochester,US,2022-04-18 04:18:01,43.1548,-77.6156,37.62,71,0,3.44
143,Mekhe,SN,2022-04-18 04:22:19,15.1097,-16.6218,65.03,87,7,14.47
144,Namibe,AO,2022-04-18 04:22:19,-15.1961,12.1522,72.91,76,45,0.4
145,Damghan,IR,2022-04-18 04:22:19,36.1683,54.348,50.85,46,1,4.68
146,Ornskoldsvik,SE,2022-04-18 04:22:20,63.2909,18.7153,31.15,100,89,3.44
147,Norden,DE,2022-04-18 04:22:20,53.6,7.2,42.94,75,0,11.25
148,Raudeberg,NO,2022-04-18 04:22:20,61.9875,5.1352,43.86,77,96,7.52
149,Souillac,MU,2022-04-18 04:22:20,-20.5167,57.5167,75.58,100,40,5.75
150,Marsh Harbour,BS,2022-04-18 04:22:21,26.5412,-77.0636,75.79,83,43,12.35
151,Ribeira Grande,PT,2022-04-18 04:22:21,38.5167,-28.7,58.08,66,51,20.56
152,Khatanga,RU,2022-04-18 04:22:21,71.9667,102.5,10.69,89,96,15.99
153,Ojinaga,MX,2022-04-18 04:22:22,29.5667,-104.4167,78.42,11,0,11.5
154,Tagusao,PH,2022-04-18 04:22:22,9.1924,117.8141,85.62,69,58,7.85
155,Sao Joao Da Barra,BR,2022-04-18 04:22:22,-21.6403,-41.0511,67.87,81,2,9.75
156,Brae,GB,2022-04-18 04:18:53,60.3964,-1.353,45.77,83,92,23.73
157,Bavly,RU,2022-04-18 04:22:23,54.393,53.2602,45.9,89,94,5.68
158,Poum,NC,2022-04-18 04:22:23,-20.2333,164.0167,77.47,71,100,6.87
159,Alberton,CA,2022-04-18 04:22:23,46.8168,-64.0654,37.31,84,5,17.36
160,Buala,SB,2022-04-18 04:22:24,-8.145,159.5921,81.57,80,86,7.61
161,Camacha,PT,2022-04-18 04:17:41,33.0833,-16.3333,58.42,77,40,18.41
162,Bredasdorp,ZA,2022-04-18 04:22:24,-34.5322,20.0403,61.12,89,100,5.08
163,Hasaki,JP,2022-04-18 04:22:24,35.7333,140.8333,64.8,68,100,10.94
164,Le Port,RE,2022-04-18 04:22:25,-20.9373,55.2919,78.8,84,7,6.2
165,Carmona,PH,2022-04-18 04:22:25,14.3,121.0167,91.74,58,73,14.83
166,Analipsis,GR,2022-04-18 04:22:25,35.3167,25.5667,61.11,86,49,7.78
167,Ancud,CL,2022-04-18 04:22:25,-41.8697,-73.8203,55.22,90,92,6.71
168,Yaan,NG,2022-04-18 04:22:26,7.3833,8.5667,75.15,83,100,6.33
169,Narodychi,UA,2022-04-18 04:22:26,51.2029,29.0823,31.69,92,70,6.62
170,Castro,BR,2022-04-18 04:22:26,-24.7911,-50.0119,50.02,98,17,4.9
171,Klaksvik,FO,2022-04-18 04:22:27,62.2266,-6.589,47.32,89,100,26.13
172,Deputatskiy,RU,2022-04-18 04:22:27,69.3,139.9,11.77,89,98,4.18
173,Villa Carlos Paz,AR,2022-04-18 04:22:27,-31.4241,-64.4978,58.39,49,0,1.99
174,Acapulco,MX,2022-04-18 04:22:28,16.8634,-99.8901,78.62,78,0,4.61
175,Nichinan,JP,2022-04-18 04:22:28,31.6,131.3667,65.88,48,100,4.85
176,Omboue,GA,2022-04-18 04:22:28,-1.5746,9.2618,77.11,92,100,3.02
177,Severo-Kurilsk,RU,2022-04-18 04:22:29,50.6789,156.125,31.77,85,93,8.12
178,Berbera,SO,2022-04-18 04:22:29,10.4396,45.0143,83.3,72,4,4.12
179,Avera,US,2022-04-18 04:22:29,33.194,-82.5271,67.51,95,99,3.0
180,Evensk,RU,2022-04-18 04:22:29,61.95,159.2333,30.11,90,100,4.85
181,Esperance,AU,2022-04-18 04:22:30,-33.8667,121.9,64.67,61,44,10.22
182,Barmer,IN,2022-04-18 04:22:30,25.75,71.3833,90.64,30,20,14.56
183,Jeremie,HT,2022-04-18 04:23:30,18.65,-74.1167,76.64,81,88,7.38
184,Thinadhoo,MV,2022-04-18 04:23:31,0.5333,72.9333,83.73,72,85,9.89
185,Puno,PE,2022-04-18 04:23:31,-15.8333,-70.0333,40.01,39,20,4.14
186,Russell,US,2022-04-18 04:23:31,32.3502,-85.1999,65.48,97,75,3.44
187,Kaitangata,NZ,2022-04-18 04:23:32,-46.2817,169.8464,58.05,62,16,3.89
188,Sampit,ID,2022-04-18 04:23:32,-2.5333,112.95,93.45,50,99,2.28
189,Narsaq,GL,2022-04-18 04:23:32,60.9167,-46.05,32.22,90,40,1.61
190,Hobyo,SO,2022-04-18 04:23:33,5.3505,48.5268,83.88,73,100,10.87
191,Moree,AU,2022-04-18 04:23:33,-29.4667,149.85,82.42,36,8,6.91
192,Dawson Creek,CA,2022-04-18 04:23:33,55.7666,-120.2362,22.64,80,100,8.05
193,Caravelas,BR,2022-04-18 04:23:33,-17.7125,-39.2481,76.3,67,78,9.95
194,Killam,CA,2022-04-18 04:23:34,52.7834,-111.8518,30.69,70,19,3.78
195,Sorland,NO,2022-04-18 04:22:15,67.667,12.6934,42.01,96,100,18.3
196,Kailua,US,2022-04-18 04:23:34,21.4022,-157.7394,78.78,84,22,7.0
197,Sonkovo,RU,2022-04-18 04:23:35,57.7782,37.1571,33.08,70,38,2.51
198,Valparaiso,CL,2022-04-18 04:23:35,-33.0393,-71.6273,55.47,78,100,1.14
199,Mazatlan,MX,2022-04-18 04:23:35,23.2167,-106.4167,72.91,82,20,1.01
200,Ballina,AU,2022-04-18 04:23:36,-28.8667,153.5667,77.18,66,47,6.91
201,Blagoyevo,RU,2022-04-18 04:23:36,63.3667,47.9167,32.81,97,100,2.48
202,Anna Paulowna,NL,2022-04-18 04:23:36,52.862,4.834,48.22,69,1,11.99
203,Port Elizabeth,ZA,2022-04-18 04:20:18,-33.918,25.5701,62.1,96,20,5.75
204,Pottsville,US,2022-04-18 04:21:28,40.6857,-76.1955,36.03,74,2,3.89
205,Ust-Kuyga,RU,2022-04-18 04:23:37,70.0167,135.6,24.91,75,6,6.96
206,Portland,US,2022-04-18 04:22:16,45.5234,-122.6762,54.18,57,100,5.75
207,Beysehir,TR,2022-04-18 04:23:37,37.6773,31.7246,58.95,39,1,21.34
208,Saint-Philippe,RE,2022-04-18 04:23:37,-21.3585,55.7679,78.39,88,24,11.01
209,Patan,NP,2022-04-18 04:23:38,27.6667,85.3333,77.38,29,20,3.44
210,San Quintin,MX,2022-04-18 04:23:38,30.4833,-115.95,59.07,87,3,15.03
211,Sao Geraldo Do Araguaia,BR,2022-04-18 04:23:38,-6.4006,-48.555,73.2,97,100,0.94
212,Victoria,HK,2022-04-18 04:23:39,22.2855,114.1577,74.32,75,95,5.01
213,Airai,TL,2022-04-18 04:23:39,-8.9266,125.4092,72.61,71,100,1.63
214,Haukipudas,FI,2022-04-18 04:23:39,65.1765,25.3523,32.14,93,83,3.62
215,Awbari,LY,2022-04-18 04:23:40,26.5921,12.7805,59.07,40,0,5.99
216,Impfondo,CG,2022-04-18 04:23:40,1.6381,18.0667,71.76,97,89,2.62
217,Parit Buntar,MY,2022-04-18 04:23:40,5.1267,100.4932,91.38,73,96,1.54
218,Port Keats,AU,2022-04-18 04:23:41,-14.25,129.55,90.36,54,15,7.36
219,Esmeraldas,BR,2022-04-18 04:21:40,-19.7625,-44.3139,65.26,81,98,4.41
220,Punta Alta,AR,2022-04-18 04:23:41,-38.8759,-62.0736,59.63,75,23,10.02
221,Roald,NO,2022-04-18 04:23:41,62.5833,6.1333,44.76,93,0,3.44
222,Rabat,MA,2022-04-18 04:23:41,33.9911,-6.8401,62.04,98,100,0.0
223,Namatanai,PG,2022-04-18 04:23:42,-3.6667,152.4333,86.05,62,92,10.47
224,Yulara,AU,2022-04-18 04:23:33,-25.2406,130.9889,82.24,24,8,9.22
225,Inta,RU,2022-04-18 04:23:42,66.0317,60.1659,30.09,92,100,17.22
226,Asau,RO,2022-04-18 04:23:42,46.4333,26.4,29.32,81,47,4.5
227,Katsuura,JP,2022-04-18 04:23:43,35.1333,140.3,62.62,71,100,11.32
228,Port Hedland,AU,2022-04-18 04:23:43,-20.3167,118.5667,98.65,18,13,19.57
229,Bengkulu,ID,2022-04-18 04:23:43,-3.8004,102.2655,83.25,77,76,5.48
230,Grand Gaube,MU,2022-04-18 04:24:44,-20.0064,57.6608,79.38,89,14,1.99
231,Manadhoo,MV,2022-04-18 04:24:44,5.7667,73.3833,83.79,75,90,9.06
232,Longyearbyen,SJ,2022-04-18 04:22:52,78.2186,15.6401,21.04,86,100,0.0
233,Nnewi,NG,2022-04-18 04:24:44,6.0199,6.9148,74.5,93,100,1.01
234,Oranjestad,AW,2022-04-18 04:23:03,12.524,-70.027,78.66,87,100,24.76
235,Vieste,IT,2022-04-18 04:24:45,41.8825,16.175,52.68,60,100,18.1
236,Evansville,US,2022-04-18 04:24:25,37.9748,-87.5558,45.18,80,100,3.44
237,Ulladulla,AU,2022-04-18 04:24:45,-35.35,150.4667,81.5,49,100,2.24
238,Toyooka,JP,2022-04-18 04:24:45,35.5333,134.8333,66.25,48,75,9.22
239,Bandarbeyla,SO,2022-04-18 04:24:46,9.4942,50.8122,82.53,76,17,9.22
240,Cockburn Town,TC,2022-04-18 04:24:46,21.4612,-71.1419,77.81,84,86,23.69
241,Belmonte,BR,2022-04-18 04:24:46,-15.8631,-38.8828,76.19,79,100,12.03
242,Jacareacanga,BR,2022-04-18 04:24:47,-6.2222,-57.7528,72.84,99,100,2.75
243,Vardo,NO,2022-04-18 04:24:47,70.3705,31.1107,39.6,91,100,10.71
244,Sestri Levante,IT,2022-04-18 04:24:47,44.2732,9.3968,55.31,54,0,6.13
245,Shelburne,CA,2022-04-18 04:23:37,44.0787,-80.2041,28.36,68,4,3.44
246,Codrington,AU,2022-04-18 04:23:33,-38.2667,141.9667,59.38,71,100,9.91
247,Prado,BR,2022-04-18 04:24:48,-17.3411,-39.2208,74.7,77,94,9.57
248,Beyneu,KZ,2022-04-18 04:23:04,45.3167,55.2,64.99,32,0,6.04
249,Gat,IL,2022-04-18 04:24:48,31.61,34.7642,84.81,12,38,21.56
250,Pilas,ES,2022-04-18 04:24:48,37.3034,-6.301,64.36,60,89,2.68
251,Nevesinje,BA,2022-04-18 04:23:03,43.2586,18.1133,40.06,77,99,13.13
252,San Jeronimo,PE,2022-04-18 04:24:49,-11.9472,-75.2829,45.81,87,45,2.71
253,Barbosa Ferraz,BR,2022-04-18 04:24:49,-24.03,-52.0117,56.62,86,41,2.89
254,Voznesenye,RU,2022-04-18 04:24:49,61.0106,35.4781,33.46,98,100,6.62
255,Mount Gambier,AU,2022-04-18 04:24:50,-37.8333,140.7667,57.11,82,100,14.97
256,Barrow,US,2022-04-18 04:20:48,71.2906,-156.7887,6.82,78,0,10.36
257,Zionsville,US,2022-04-18 04:24:17,39.9509,-86.2619,46.38,56,40,8.05
258,Te Anau,NZ,2022-04-18 04:24:50,-45.4167,167.7167,62.64,58,52,4.5
259,Buturlinovka,RU,2022-04-18 04:24:51,50.8239,40.6092,51.42,84,100,7.25
260,Labrea,BR,2022-04-18 04:24:51,-7.2586,-64.7981,73.29,98,100,0.67
261,San Gabriel,US,2022-04-18 04:24:51,34.0961,-118.1058,66.65,71,0,0.0
262,Anchorage,US,2022-04-18 04:19:55,61.2181,-149.9003,44.64,62,0,4.61
263,Pacific Grove,US,2022-04-18 04:23:32,36.6177,-121.9166,51.48,82,0,6.91
264,Tautira,PF,2022-04-18 04:24:52,-17.7333,-149.15,80.46,75,30,9.17
265,Takaka,NZ,2022-04-18 04:24:52,-40.85,172.8,62.56,60,63,4.23
266,Wilmington,US,2022-04-18 04:23:22,34.2257,-77.9447,60.85,69,75,13.8
267,Malaryta,BY,2022-04-18 04:24:52,51.7905,24.074,28.15,77,42,5.3
268,Guerrero Negro,MX,2022-04-18 04:24:53,27.9769,-114.0611,59.04,87,57,14.97
269,Shache,CN,2022-04-18 04:24:53,38.4167,77.2406,66.34,13,2,4.45
270,Vao,NC,2022-04-18 04:24:53,-22.6667,167.4833,77.16,69,55,5.06
271,Red Bluff,US,2022-04-18 04:22:11,40.1785,-122.2358,63.28,41,0,8.05
272,Saint-Georges,GD,2022-04-18 04:24:54,12.0564,-61.7485,80.28,78,20,13.8
273,Cavalcante,BR,2022-04-18 04:24:54,-13.7975,-47.4583,67.66,89,72,4.61
274,Marawi,PH,2022-04-18 04:24:54,7.9986,124.2928,80.42,67,93,6.33
275,Kloulklubed,PW,2022-04-18 04:25:55,7.0419,134.2556,82.9,72,100,4.34
276,Opuwo,NA,2022-04-18 04:25:55,-18.0607,13.84,67.66,40,45,5.28
277,Saguday,PH,2022-04-18 04:25:55,16.5428,121.5638,85.55,63,44,4.12
278,Atar,MR,2022-04-18 04:25:55,20.5169,-13.0499,81.75,14,100,5.3
279,Khanpur,PK,2022-04-18 04:25:56,28.6453,70.6567,95.07,24,83,12.95
280,Konya,TR,2022-04-18 04:25:56,38.1667,32.5,58.48,35,2,18.39
281,Shubarshi,KZ,2022-04-18 04:25:56,48.5872,57.1869,57.54,53,1,4.88
282,Boca Do Acre,BR,2022-04-18 04:25:57,-8.7522,-67.3978,72.09,97,92,3.22
283,Tutoia,BR,2022-04-18 04:25:57,-2.7619,-42.2744,76.8,90,96,5.26
284,Tual,ID,2022-04-18 04:25:57,-5.6667,132.75,83.89,73,98,6.53
285,Saldanha,ZA,2022-04-18 04:25:58,-33.0117,17.9442,53.65,71,71,8.75
286,Simpang,ID,2022-04-18 04:25:58,-1.2667,104.0833,90.25,60,89,1.77
287,Pietarsaari,FI,2022-04-18 04:25:58,63.65,22.6833,33.01,96,81,4.81
288,Chuy,UY,2022-04-18 04:25:59,-33.6971,-53.4616,61.21,86,100,6.17
289,Sakakah,SA,2022-04-18 04:25:59,29.9697,40.2064,67.57,14,10,6.53
290,Talnakh,RU,2022-04-18 04:25:59,69.4865,88.3972,7.21,90,100,5.41
291,Lewisporte,CA,2022-04-18 04:25:59,49.2499,-55.0482,44.31,81,66,15.26
292,Nanortalik,GL,2022-04-18 04:26:00,60.1432,-45.2371,28.92,89,41,9.48
293,Cayenne,GF,2022-04-18 04:26:00,4.9333,-52.3333,81.09,1,20,7.0
294,Muisne,EC,2022-04-18 04:26:00,0.6,-80.0333,75.54,84,85,6.06
295,Ponta Do Sol,PT,2022-04-18 04:26:01,32.6667,-17.1,65.12,57,53,13.42
296,Vostok,RU,2022-04-18 04:26:01,46.4856,135.8833,40.5,48,99,12.08
297,Mandera,KE,2022-04-18 04:26:01,3.9366,41.867,79.68,71,88,5.77
298,Coihaique,CL,2022-04-18 04:26:02,-45.5752,-72.0662,52.41,76,75,5.75
299,Lavrentiya,RU,2022-04-18 04:26:02,65.5833,-171.0,31.73,96,100,14.54
300,Tsaratanana,MG,2022-04-18 04:26:02,-16.7833,47.65,72.63,82,21,9.15
301,Rondonopolis,BR,2022-04-18 04:25:22,-16.4708,-54.6356,64.6,65,69,2.82
302,Qinzhou,CN,2022-04-18 04:26:03,21.95,108.6167,59.43,88,100,15.82
303,Mar Del Plata,AR,2022-04-18 04:26:03,-38.0023,-57.5575,60.87,93,0,11.99
304,Tessalit,ML,2022-04-18 04:26:04,20.1986,1.0114,67.71,24,0,8.39
305,Zhigansk,RU,2022-04-18 04:26:04,66.7697,123.3711,31.21,85,100,29.24
306,Salinas,US,2022-04-18 04:23:10,36.6777,-121.6555,54.41,75,0,9.22
307,Pidhorodna,UA,2022-04-18 04:26:04,48.107,30.8895,34.38,80,100,12.06
308,Chinsali,ZM,2022-04-18 04:26:05,-10.5414,32.0816,59.81,98,64,4.97
309,Hargeysa,SO,2022-04-18 04:26:05,9.56,44.065,73.83,51,30,3.4
310,Havelock,US,2022-04-18 04:26:05,34.8791,-76.9013,58.98,68,100,23.02
311,Baykit,RU,2022-04-18 04:26:05,61.67,96.37,27.99,69,100,13.71
312,Slave Lake,CA,2022-04-18 04:26:06,55.2834,-114.769,28.38,74,100,6.91
313,Westport,US,2022-04-18 04:22:02,41.1415,-73.3579,43.83,61,0,3.44
314,Nikolsk,RU,2022-04-18 04:26:06,53.7189,46.0712,40.08,91,100,4.18
315,Arraial Do Cabo,BR,2022-04-18 04:23:37,-22.9661,-42.0278,71.22,72,19,3.98
316,Kinshasa,CD,2022-04-18 04:26:07,-4.3246,15.3215,73.72,94,99,4.61
317,Honiara,SB,2022-04-18 04:26:07,-9.4333,159.95,83.48,78,56,5.88
318,Mount Isa,AU,2022-04-18 04:26:07,-20.7333,139.5,94.77,14,0,6.91
319,Sao Filipe,CV,2022-04-18 04:26:08,14.8961,-24.4956,70.81,77,23,3.11
320,Senno,RU,2022-04-18 04:26:08,59.5336,33.9167,32.27,91,100,1.39
321,Olinda,BR,2022-04-18 04:27:08,-8.0089,-34.8553,82.13,69,40,3.44
322,Balgazyn,RU,2022-04-18 04:27:09,51.0,95.2,59.99,24,74,3.38
323,Churapcha,RU,2022-04-18 04:27:09,62.0025,132.4325,35.38,67,36,12.3
324,Itororo,BR,2022-04-18 04:27:09,-15.1169,-40.0703,69.03,92,99,3.87
325,Khartoum,SD,2022-04-18 04:22:38,15.5518,32.5324,83.01,26,3,3.36
326,Kulu,TR,2022-04-18 04:27:10,39.0951,33.0799,60.87,38,25,19.33
327,Chapais,CA,2022-04-18 04:27:10,49.7834,-74.8492,24.58,95,56,7.96
328,Chaihe,CN,2022-04-18 04:27:10,44.7667,129.7,50.77,18,47,8.79
329,Kavaratti,IN,2022-04-18 04:27:11,10.5669,72.642,83.66,69,90,1.28
330,Andilamena,MG,2022-04-18 04:27:11,-17.0167,48.5833,64.96,90,97,6.02
331,Hovd,MN,2022-04-18 04:22:18,48.0056,91.6419,57.27,10,14,2.71
332,Sterling,US,2022-04-18 04:24:46,39.0062,-77.4286,46.76,48,40,9.22
333,Mayo,US,2022-04-18 04:27:11,38.8876,-76.5119,48.15,48,0,6.91
334,Cortez,US,2022-04-18 04:27:12,37.3489,-108.5859,41.76,39,0,9.22
335,Porto Seguro,BR,2022-04-18 04:27:12,-16.4497,-39.0647,73.92,88,75,4.61
336,Dakar,SN,2022-04-18 04:27:13,14.6937,-17.4441,67.08,90,4,19.75
337,Kaniama,CD,2022-04-18 04:27:13,-7.5667,24.1833,65.82,94,46,4.07
338,Margate,GB,2022-04-18 04:27:13,51.3813,1.3862,48.69,71,18,5.93
339,Minervino Murge,IT,2022-04-18 04:27:13,41.0843,16.0784,51.24,67,100,14.25
340,Okhotsk,RU,2022-04-18 04:27:14,59.3833,143.3,27.39,83,94,1.9
341,Werl,DE,2022-04-18 04:27:14,51.55,7.9167,44.98,74,2,4.36
342,Chernenko,RU,2022-04-18 04:27:14,44.365,39.3103,57.88,64,100,1.95
343,Killybegs,IE,2022-04-18 04:27:15,54.6333,-8.45,44.96,72,71,13.44
344,Kenai,US,2022-04-18 04:27:15,60.5544,-151.2583,44.02,64,20,3.44
345,Parsons,US,2022-04-18 04:27:15,37.3403,-95.2611,44.06,93,98,9.71
346,Segou,ML,2022-04-18 04:27:16,13.4317,-6.2157,81.3,15,96,7.87
347,Richards Bay,ZA,2022-04-18 04:27:16,-28.783,32.0377,63.21,95,100,2.57
348,Fernie,CA,2022-04-18 04:25:20,49.5,-115.0687,35.8,96,57,3.18
349,Watertown,US,2022-04-18 04:23:37,42.3709,-71.1828,41.99,61,0,5.99
350,Sobolevo,RU,2022-04-18 04:27:16,54.4299,31.8996,31.19,93,100,13.85
351,Rantepao,ID,2022-04-18 04:27:17,-2.9701,119.8978,81.63,68,85,3.6
352,Ahipara,NZ,2022-04-18 04:27:17,-35.1667,173.1667,71.04,85,100,10.29
353,Gallup,US,2022-04-18 04:27:18,35.5281,-108.7426,52.02,13,0,3.44
354,Riyadh,SA,2022-04-18 04:27:13,24.6877,46.7219,69.94,21,1,8.46
355,Aiquile,BO,2022-04-18 04:27:18,-18.2041,-65.1807,52.97,84,100,3.69
356,Goderich,CA,2022-04-18 04:27:18,43.7501,-81.7165,30.9,80,1,6.91
357,Magdalena,PH,2022-04-18 04:27:19,14.1999,121.429,88.36,58,71,10.22
358,Mehamn,NO,2022-04-18 04:27:19,71.0357,27.8492,40.08,95,100,14.07
359,Kovdor,RU,2022-04-18 04:27:19,67.5662,30.4758,34.81,99,100,1.99
360,Iskateley,RU,2022-04-18 04:27:20,67.6803,53.1512,32.25,100,100,8.23
361,Ostrovnoy,RU,2022-04-18 04:27:20,68.0531,39.5131,33.51,92,100,6.49
362,Alofi,NU,2022-04-18 04:27:20,-19.0595,-169.9187,82.29,74,40,9.22
363,Rockhampton,AU,2022-04-18 04:27:20,-23.3833,150.5,84.09,39,2,11.5
364,Osypenko,UA,2022-04-18 04:27:21,46.9136,36.8253,50.09,89,100,9.35
365,Srednekolymsk,RU,2022-04-18 04:27:21,67.45,153.6833,25.36,83,99,6.53
366,Los Llanos De Aridane,ES,2022-04-18 04:27:21,28.6585,-17.9182,69.55,43,75,13.8
367,Kruisfontein,ZA,2022-04-18 04:28:22,-34.0033,24.7314,59.88,89,100,3.33
368,Taltal,CL,2022-04-18 04:28:22,-25.4,-70.4833,60.12,84,11,1.21
369,Cilegon,ID,2022-04-18 04:28:22,-6.0174,106.0538,86.59,69,98,7.96
370,San Anselmo,US,2022-04-18 04:28:22,37.9747,-122.5616,51.78,79,0,9.22
371,Lucapa,AO,2022-04-18 04:28:23,-8.4192,20.7447,64.74,97,83,2.8
372,Bambous Virieux,MU,2022-04-18 04:28:23,-20.3428,57.7575,79.21,100,40,5.75
373,Merauke,ID,2022-04-18 04:28:23,-8.4667,140.3333,84.72,72,97,5.46
374,Wagar,SD,2022-04-18 04:28:24,16.1525,36.2032,86.86,20,2,6.67
375,Elizabeth City,US,2022-04-18 04:28:24,36.2946,-76.2511,54.01,69,0,18.41
376,Mumford,GH,2022-04-18 04:28:24,5.2618,-0.759,78.3,89,98,8.12
377,Nabire,ID,2022-04-18 04:28:25,-3.3667,135.4833,84.52,75,99,3.36
378,San Patricio,US,2022-04-18 04:28:25,28.017,-97.5169,76.87,90,37,6.26
379,Adrar,MR,2022-04-18 04:28:25,20.5022,-10.0711,73.11,16,86,12.24
380,Ponnani,IN,2022-04-18 04:28:25,10.767,75.9252,87.12,68,20,2.93
381,Sawai Madhopur,IN,2022-04-18 04:28:26,25.9833,76.3667,94.3,21,1,17.52
382,Rawson,AR,2022-04-18 04:28:26,-43.3002,-65.1023,61.57,67,19,22.44
383,La Libertad,EC,2022-04-18 04:28:26,-2.2333,-80.9,70.77,86,77,8.34
384,Sal Rei,CV,2022-04-18 04:28:27,16.1833,-22.9167,68.52,80,13,10.33
385,Idil,TR,2022-04-18 04:28:27,37.3411,41.8895,53.53,54,0,9.22
386,Hofn,IS,2022-04-18 04:28:27,64.2539,-15.2082,43.88,71,54,8.66
387,Sechura,PE,2022-04-18 04:28:28,-5.5569,-80.8222,68.68,75,48,15.08
388,Vallenar,CL,2022-04-18 04:28:28,-28.5708,-70.7581,60.62,67,0,1.63
389,Abu Kamal,SY,2022-04-18 04:28:28,34.4506,40.9171,70.03,18,99,7.23
390,Mayumba,GA,2022-04-18 04:28:28,-3.432,10.6554,76.64,92,100,3.09
391,Altay,CN,2022-04-18 04:28:29,47.8667,88.1167,59.09,32,52,4.43
392,Bogorodskoye,RU,2022-04-18 04:28:29,56.55,37.8833,31.98,74,7,6.53
393,Beitbridge,ZW,2022-04-18 04:28:29,-22.2167,30.0,65.68,80,100,3.69
394,Minab,IR,2022-04-18 04:28:30,27.1467,57.0801,82.72,57,0,4.61
395,Milyutinskaya,RU,2022-04-18 04:28:30,48.6279,41.6679,49.8,60,100,12.8
396,West Bay,KY,2022-04-18 04:28:30,19.3667,-81.4167,79.0,81,0,4.07
397,Muros,ES,2022-04-18 04:26:27,42.7762,-9.0603,55.83,83,82,12.66
398,Rio Grande,BR,2022-04-18 04:28:31,-32.035,-52.0986,53.94,83,97,12.01
399,Tianjin,CN,2022-04-18 04:28:31,39.1422,117.1767,69.75,32,100,2.24
400,Balabac,PH,2022-04-18 04:28:31,7.9868,117.0645,85.6,69,99,12.01
401,Guanhaes,BR,2022-04-18 04:23:40,-18.775,-42.9325,59.77,97,31,2.55
402,Leno,IT,2022-04-18 04:28:32,45.3725,10.2166,49.87,65,0,8.05
403,Verkhnevilyuysk,RU,2022-04-18 04:28:32,63.4453,120.3167,38.57,94,99,9.37
404,Vila Franca Do Campo,PT,2022-04-18 04:28:32,37.7167,-25.4333,57.61,71,78,12.95
405,Pochutla,MX,2022-04-18 04:28:33,15.7432,-96.4661,79.83,72,11,6.42
406,Hamilton,US,2022-04-18 04:28:33,39.1834,-84.5333,45.81,55,0,5.01
407,Brownsville,US,2022-04-18 04:28:33,25.9018,-97.4975,76.98,89,75,5.75
408,Khandyga,RU,2022-04-18 04:28:34,62.6667,135.6,30.6,75,99,6.26
409,Baneh,IR,2022-04-18 04:28:34,35.9975,45.8853,50.81,39,8,4.76
410,Lata,PT,2022-04-18 04:28:34,40.1629,-8.3327,58.82,97,50,1.34
411,Maniitsoq,GL,2022-04-18 04:28:34,65.4167,-52.9,22.66,90,100,2.17
412,Emerald,AU,2022-04-18 04:28:35,-23.5333,148.1667,86.14,30,0,8.05
413,High Rock,BS,2022-04-18 04:28:35,26.6208,-78.2833,73.42,74,27,12.93
414,Oltu,TR,2022-04-18 04:28:35,40.5498,42.0013,46.47,56,100,5.26
415,Zeya,RU,2022-04-18 04:29:36,53.75,127.2667,42.85,31,100,11.32
416,Contamana,PE,2022-04-18 04:29:36,-7.3333,-75.0167,76.1,81,96,1.66
417,Geraldton,AU,2022-04-18 04:26:18,-28.7667,114.6,75.61,38,0,12.66
418,Takab,IR,2022-04-18 04:29:36,36.4009,47.1133,46.71,43,2,2.66
419,Burnham,US,2022-04-18 04:29:37,41.6389,-87.5567,39.36,80,100,8.05
420,Leningradskiy,RU,2022-04-18 04:29:16,69.3833,178.4167,25.0,92,86,7.65
421,Mrakovo,RU,2022-04-18 04:29:37,52.7161,56.6244,45.55,72,81,0.78
422,Faya,SA,2022-04-18 04:29:37,18.3851,42.4509,66.31,32,10,4.23
423,Kjopsvik,NO,2022-04-18 04:29:38,68.097,16.3742,44.17,93,100,3.36
424,Sidi Ali,DZ,2022-04-18 04:29:38,36.0998,0.4206,58.5,63,68,2.13
425,Arona,ES,2022-04-18 04:29:38,28.0996,-16.681,77.52,17,0,24.16
426,Homnabad,IN,2022-04-18 04:29:39,17.7667,77.1333,91.85,30,23,9.24
427,La Ronge,CA,2022-04-18 04:29:39,55.1001,-105.2842,28.62,68,20,2.3
428,Yerbogachen,RU,2022-04-18 04:29:39,61.2767,108.0108,34.48,77,92,13.87
429,Aloleng,PH,2022-04-18 04:29:39,16.1307,119.7824,86.52,61,27,7.76
430,Newport,GB,2022-04-18 04:29:40,51.5877,-2.9984,49.62,88,69,6.93
431,Murakami,JP,2022-04-18 04:29:40,38.2333,139.4833,58.89,47,100,3.6
432,Marzuq,YE,2022-04-18 04:29:40,14.4,46.4667,77.58,30,1,2.55
433,Lagoa,PT,2022-04-18 04:29:41,39.05,-27.9833,56.62,66,36,15.79
434,Tuatapere,NZ,2022-04-18 04:29:41,-46.1333,167.6833,61.38,65,86,1.57
435,Scarborough,GB,2022-04-18 04:28:59,54.2797,-0.4044,48.65,87,91,1.01
436,Santa Isabel,BR,2022-04-18 04:29:41,-23.3156,-46.2214,58.3,97,49,1.68
437,Sioux Lookout,CA,2022-04-18 04:29:42,50.1001,-91.917,24.87,86,100,3.44
438,Morant Bay,JM,2022-04-18 04:29:42,17.8815,-76.4093,80.22,84,6,6.29
439,Santa Lucia,ES,2022-04-18 04:28:51,27.9117,-15.5407,67.32,35,0,4.61
440,Alta Floresta,BR,2022-04-18 04:29:42,-9.8756,-56.0861,70.5,97,98,2.82
441,Williams Lake,CA,2022-04-18 04:29:43,52.1415,-122.1445,40.57,44,40,9.22
442,Depalpur,IN,2022-04-18 04:29:43,22.85,75.55,90.0,22,0,13.13
443,Mao,ES,2022-04-18 04:29:43,39.8885,4.2658,50.56,81,0,5.75
444,Parintins,BR,2022-04-18 04:29:44,-2.6283,-56.7358,73.2,100,100,2.44
445,Aksha,RU,2022-04-18 04:29:44,50.2814,113.2867,65.14,22,100,14.92
446,Sokolo,ML,2022-04-18 04:29:44,14.7328,-6.1219,79.56,15,42,10.87
447,Chivay,PE,2022-04-18 04:29:44,-15.6383,-71.6011,44.4,41,20,1.63
448,Saint-Pierre,RE,2022-04-18 04:27:49,-21.3393,55.4781,79.29,74,20,4.61
449,Belaya Gora,RU,2022-04-18 04:29:45,68.5333,146.4167,22.89,80,100,4.05
450,Barceloneta,PR,2022-04-18 04:29:45,18.4505,-66.5385,78.06,91,100,8.66
451,Tura,IN,2022-04-18 04:29:45,25.5198,90.2201,82.81,64,35,5.32
452,Flin Flon,CA,2022-04-18 04:29:46,54.7682,-101.865,20.73,95,93,2.59
453,Ushtobe,KZ,2022-04-18 04:29:46,45.2514,77.9838,77.4,14,18,2.26
454,Bandar,ID,2022-04-18 04:29:46,2.05,99.75,83.62,80,100,2.17
455,Solnechnyy,RU,2022-04-18 04:29:47,50.7214,136.6319,34.48,89,100,5.82
456,Kahului,US,2022-04-18 04:29:47,20.8947,-156.47,77.02,72,40,18.41
457,Morondava,MG,2022-04-18 04:29:47,-20.2833,44.2833,80.38,80,1,2.26
458,Ilulissat,GL,2022-04-18 04:29:47,69.2167,-51.1,10.42,72,20,4.61
459,Kashin,RU,2022-04-18 04:29:48,57.3592,37.6081,32.94,73,25,4.72
460,Jaque,PA,2022-04-18 04:29:48,7.5175,-78.1703,78.17,87,54,3.6
461,Mecca,SA,2022-04-18 04:25:08,21.4267,39.8261,83.1,31,5,2.53
462,Bajos De Haina,DO,2022-04-18 04:30:40,18.4154,-70.0332,72.32,90,98,4.45
463,Yenagoa,NG,2022-04-18 04:30:49,4.9247,6.2642,75.96,95,100,3.06
464,Paita,PE,2022-04-18 04:30:49,-5.0892,-81.1144,68.14,77,69,13.02
465,Kidal,ML,2022-04-18 04:26:09,18.4411,1.4078,71.42,24,12,9.42
466,Sawtell,AU,2022-04-18 04:30:49,-30.3833,153.1,77.02,53,8,10.36
467,Bereda,ES,2022-04-18 04:30:50,43.2686,-7.5406,51.42,100,100,3.91
468,Kumluca,TR,2022-04-18 04:30:50,36.3703,30.2869,66.11,56,0,4.41
469,Krutikha,RU,2022-04-18 04:30:50,53.9599,81.2093,52.02,60,96,5.5
470,Borovskoy,KZ,2022-04-18 04:30:51,53.8,64.15,48.02,46,100,6.87
471,Svetlaya,RU,2022-04-18 04:30:51,46.5389,138.3297,42.96,62,79,3.44
472,Lagos,NG,2022-04-18 04:29:41,6.5833,3.75,73.72,97,100,3.6
473,Dunedin,NZ,2022-04-18 04:30:37,-45.8742,170.5036,59.81,65,18,10.0
474,Lokachi,UA,2022-04-18 04:30:52,50.737,24.6494,31.75,69,63,7.63
475,Nantucket,US,2022-04-18 04:30:31,41.2835,-70.0995,44.15,60,0,9.22
476,Shingu,JP,2022-04-18 04:30:52,33.7333,135.9833,66.76,76,100,5.97
477,Saint Anthony,US,2022-04-18 04:30:52,45.0205,-93.218,35.38,90,100,12.66
478,Sao Gabriel Da Cachoeira,BR,2022-04-18 04:30:53,-0.1303,-67.0892,72.09,99,93,2.19
479,Quang Ngai,VN,2022-04-18 04:30:53,15.1167,108.8,83.8,68,75,7.38
480,Abu Dhabi,AE,2022-04-18 04:28:40,24.4667,54.3667,82.51,41,0,17.27
481,Beloha,MG,2022-04-18 04:30:53,-25.1667,45.05,75.58,80,100,7.31
482,Ewa Beach,US,2022-04-18 04:30:54,21.3156,-158.0072,78.75,63,75,17.27
483,Ondo,NG,2022-04-18 04:30:54,7.1,4.8333,71.83,96,100,0.36
484,Fayaoue,NC,2022-04-18 04:30:54,-20.65,166.5333,78.03,75,100,6.76
485,Bandarban,BD,2022-04-18 04:30:54,22.1965,92.2262,89.31,34,73,5.35
486,Sorong,ID,2022-04-18 04:29:39,-0.8833,131.25,86.27,68,93,12.82
487,Qui Nhon,VN,2022-04-18 04:30:55,13.7667,109.2333,81.3,72,42,11.81
488,Khasan,RU,2022-04-18 04:30:55,42.4308,130.6434,48.99,49,80,4.36
489,Mandalgovi,MN,2022-04-18 04:30:56,45.7625,106.2708,54.88,19,0,19.19
490,Same,TZ,2022-04-18 04:30:56,-4.0667,37.7333,69.1,84,100,4.38
491,Nanchang,CN,2022-04-18 04:30:56,28.6833,115.8833,63.54,64,100,3.31
492,Hami,CN,2022-04-18 04:30:19,42.8,93.45,67.14,10,0,4.23
493,Itarema,BR,2022-04-18 04:30:57,-2.9248,-39.9167,76.57,89,75,4.07
494,Dauphin,CA,2022-04-18 04:30:57,51.1494,-100.0502,17.74,86,0,6.91
495,Kirakira,SB,2022-04-18 04:30:57,-10.4544,161.9205,84.0,70,89,7.4
496,Edd,ER,2022-04-18 04:30:58,13.9297,41.6925,84.92,60,1,3.47
497,Toul,FR,2022-04-18 04:30:58,48.6667,5.9167,38.32,70,0,6.91
498,Ilebo,CD,2022-04-18 04:30:58,-4.3167,20.5833,71.31,93,92,1.1
499,Aabenraa,DK,2022-04-18 04:30:58,55.0443,9.4174,39.11,61,6,5.44
500,Washington,US,2022-04-18 04:30:26,47.5001,-120.5015,43.2,48,100,3.11
501,Chicama,PE,2022-04-18 04:30:59,-7.8447,-79.1469,61.34,84,45,4.23
502,Kennett,US,2022-04-18 04:30:59,36.2362,-90.0556,46.96,99,100,5.99
503,Kasamwa,TZ,2022-04-18 04:30:59,-2.85,32.4333,65.46,92,100,3.89
504,Panguna,PG,2022-04-18 04:32:00,-6.3164,155.4848,75.76,83,100,2.15
505,Krasnyy Yar,RU,2022-04-18 04:32:00,46.5331,48.3456,51.73,48,77,10.94
506,Osuna,ES,2022-04-18 04:32:00,37.2377,-5.1075,58.91,58,94,4.83
507,Machaneng,BW,2022-04-18 04:32:01,-23.1862,27.4886,63.05,86,100,4.81
508,Yankton,US,2022-04-18 04:32:01,42.8711,-97.3973,39.45,45,40,17.27
509,Kargil,IN,2022-04-18 04:32:01,34.5667,76.1,40.42,39,0,1.21
510,Metro,ID,2022-04-18 04:32:02,-5.1131,105.3067,91.06,51,80,3.31
511,Komsomolskiy,UZ,2022-04-18 04:32:02,40.4272,71.7189,75.92,31,40,6.91
512,Bozhou,CN,2022-04-18 04:32:02,33.8772,115.7703,74.41,22,62,14.29
513,Ambon,ID,2022-04-18 04:32:03,-3.6954,128.1814,89.74,70,40,11.5
514,Toamasina,MG,2022-04-18 04:32:03,-18.1667,49.3833,73.4,94,40,4.61
515,Egvekinot,RU,2022-04-18 04:32:03,66.3167,-179.1667,26.4,96,100,9.06
516,Svetlogorsk,BY,2022-04-18 04:32:04,52.6333,29.7333,33.49,96,100,8.81
517,Hudson Bay,CA,2022-04-18 04:32:04,52.85,-102.3842,18.82,98,100,3.15
518,Port Macquarie,AU,2022-04-18 04:32:04,-31.4333,152.9167,77.9,62,13,7.72
519,Kitimat,CA,2022-04-18 04:32:04,54.0524,-128.6534,46.78,65,19,3.38
520,Capim Grosso,BR,2022-04-18 04:32:05,-11.3811,-40.0128,70.32,93,100,7.38
521,Cotonou,BJ,2022-04-18 04:32:05,6.3654,2.4183,75.18,94,40,11.5
522,Maturin,VE,2022-04-18 04:32:05,9.75,-63.1767,71.92,90,77,4.38
523,Miles City,US,2022-04-18 04:32:06,46.4083,-105.8406,27.57,74,0,8.05
524,Tourlaville,FR,2022-04-18 04:32:06,49.6383,-1.5664,49.42,93,20,10.36
525,Camapua,BR,2022-04-18 04:32:06,-19.5314,-54.0439,61.23,70,0,5.57
526,San Carlos De Bariloche,AR,2022-04-18 04:30:12,-41.1456,-71.3082,49.75,76,40,9.22
527,Santa Clarita,US,2022-04-18 04:31:32,34.3917,-118.5426,66.52,70,18,3.38
528,Amapa,BR,2022-04-18 04:32:07,1.0,-52.0,71.35,100,100,1.45
529,Carauari,BR,2022-04-18 04:32:07,-4.8828,-66.8958,73.17,100,100,2.37
530,Mgandu,TZ,2022-04-18 04:32:08,-5.95,34.1333,61.65,94,100,6.11
531,Tilichiki,RU,2022-04-18 04:32:08,60.4667,166.1,25.23,82,54,6.87
532,Mandali,IQ,2022-04-18 04:32:08,33.7499,45.5541,77.52,17,44,7.05
533,Port Blair,IN,2022-04-18 04:31:45,11.6667,92.75,87.84,70,20,6.91
534,Beruwala,LK,2022-04-18 04:32:09,6.4788,79.9828,86.29,67,96,8.37
535,Flinders,AU,2022-04-18 04:32:09,-34.5833,150.8552,82.18,58,100,4.0
536,Sumkino,RU,2022-04-18 04:32:09,58.1108,68.3244,38.57,48,28,4.12
537,Mont-Dore,NC,2022-04-18 04:32:10,-22.2833,166.5833,84.18,99,77,3.89
538,Yangambi,CD,2022-04-18 04:32:10,0.8102,24.4336,70.16,98,86,0.67
539,Quetigny,FR,2022-04-18 04:32:10,47.3167,5.1167,42.75,56,0,6.91
540,Maple Creek,CA,2022-04-18 04:30:21,49.9168,-109.4848,27.01,93,72,4.61
541,Pacifica,US,2022-04-18 04:32:11,37.6138,-122.4869,50.61,77,0,13.8
542,Ormara,PK,2022-04-18 04:32:11,25.2088,64.6357,81.34,80,5,6.85
543,Palana,RU,2022-04-18 04:32:11,59.1167,159.9667,26.13,83,100,6.69
544,Lazaro Cardenas,MX,2022-04-18 04:31:08,17.9583,-102.2,72.81,74,85,4.12
545,Portlethen,GB,2022-04-18 04:32:12,57.0547,-2.1307,49.77,96,86,9.22
546,Berdigestyakh,RU,2022-04-18 04:27:30,62.0989,126.6992,29.93,95,100,13.09
547,Olavarria,AR,2022-04-18 04:32:12,-36.8927,-60.3225,55.02,90,79,6.42
548,Tomatlan,MX,2022-04-18 04:32:12,19.9333,-105.25,67.66,90,97,2.13
549,Uthal,PK,2022-04-18 04:33:13,25.8072,66.6219,87.55,58,13,5.28
550,Luangwa,ZM,2022-04-18 04:33:13,-15.6167,30.4167,72.7,83,41,3.62
